a,"article,noun,preposition"
abilities,noun
ability,noun
able,adjective
about,"preposition,adverb,adjective"
above,"adverb,preposition,adjective,noun"
abroad,"adverb,noun"
absolutely,"adverb,interjection"
abuse,"verb,noun"
abuses,"verb,noun"
accept,verb
acceptable,adjective
accepted,verb
accepting,verb
accepts,verb
access,"noun,verb,adjective"
accesses,"noun,verb"
accident,noun
accidents,noun
according,"adjective,verb"
account,"noun,verb"
accounted,verb
accounting,verb
accounts,"noun,verb"
accurate,adjective
accuse,verb
accused,verb
accuses,verb
accusing,verb
achieve,verb
achieved,verb
achieves,verb
achieving,verb
acquire,verb
acquired,verb
acquires,verb
acquiring,verb
across,"preposition,adverb,adjective"
act,"noun,verb"
acted,verb
acting,verb
action,"noun,adjective"
actions,noun
active,"adjective,noun"
activities,noun
activity,noun
actor,noun
actors,noun
acts,"noun,verb"
actual,adjective
actually,adverb
ad,noun
adapt,verb
adapted,verb
adapting,verb
adapts,verb
add,verb
added,verb
adding,verb
addition,noun
additional,adjective
address,"noun,verb"
addressed,verb
addresses,"noun,verb"
addressing,verb
adds,verb
adjust,verb
adjusted,verb
adjusting,verb
adjusts,verb
administration,noun
administrations,noun
administrative,adjective
admire,verb
admired,verb
admires,verb
admiring,verb
admit,verb
admits,verb
admitted,verb
admitting,verb
adopt,verb
adopted,verb
adopting,verb
adopts,verb
ads,noun
adult,"adjective,noun"
adults,noun
advance,"verb,noun,adjective"
advanced,"verb,adjective,noun"
advances,"verb,noun"
advancing,"verb,adjective"
advantage,"noun,verb"
advantages,noun
advertising,noun
advice,noun
affair,noun
affairs,noun
affect,"verb,noun"
affected,verb
affects,"verb,noun"
afford,verb
afforded,verb
affording,verb
affords,verb
afraid,adjective
after,"preposition,adjective,adverb"
afternoon,"noun,adjective"
again,adverb
against,preposition
age,"noun,verb"
aged,verb
agencies,noun
agency,noun
agent,"noun,adjective,verb"
agents,noun
ages,"noun,verb"
aggressive,adjective
aging,verb
ago,"adjective,adverb"
agree,verb
agreed,verb
agreeing,verb
agreement,noun
agreements,noun
agrees,verb
ahead,adverb
air,"noun,verb"
aired,verb
airing,verb
airline,"noun,adjective"
airlines,noun
airport,noun
airports,noun
alarm,"noun,verb"
alarmed,verb
alarming,"verb,adjective"
alarms,"noun,verb"
alcohol,noun
alive,adjective
all,"adjective,pronoun,noun,adverb"
allow,verb
allowed,verb
allowing,verb
allows,verb
almost,adverb
alone,"adjective,adverb"
along,"preposition,adverb"
already,adverb
also,adverb
alternative,"adjective,noun"
alternatives,noun
although,conjunction
altogether,adverb
always,adverb
am,verb
amazing,"adjective,verb"
ambition,noun
ambitions,noun
among,preposition
amount,"noun,verb"
amounted,verb
amounting,verb
amounts,"noun,verb"
an,article
analyses,noun
analysis,noun
analyst,noun
analysts,noun
and,conjunction
anger,"noun,verb"
angered,verb
angering,"verb,adjective"
angers,verb
angle,"noun,verb"
angled,verb
angles,"noun,verb"
angling,verb
angry,adjective
animal,"noun,adjective"
animals,noun
announce,verb
announced,verb
announces,verb
announcing,verb
annual,"adjective,noun"
another,"adjective,pronoun"
answer,"noun,verb"
answered,verb
answering,adjective
answers,"noun,verb"
anticipate,verb
anticipated,verb
anticipates,verb
anticipating,verb
anxieties,noun
anxiety,noun
anxious,adjective
any,"adjective,adverb"
anybody,"pronoun,noun"
anyone,pronoun
anything,"pronoun,noun,adverb"
anyway,adverb
anywhere,"adverb,noun"
apart,"adjective,adverb"
apartment,noun
apartments,noun
apologies,noun
apologize,verb
apologized,verb
apologizes,verb
apologizing,verb
apology,noun
appeal,"noun,verb"
appealed,verb
appealing,verb
appeals,"noun,verb"
appear,verb
appearance,noun
appearances,noun
appeared,verb
appearing,verb
appears,verb
apple,noun
apples,noun
application,noun
applications,noun
applied,verb
applies,verb
apply,verb
applying,verb
appointment,noun
appointments,noun
appreciate,verb
appreciated,verb
appreciates,verb
appreciating,verb
approach,verb
approached,verb
approaches,"noun,verb"
approaching,verb
appropriate,"verb,adjective"
appropriated,verb
appropriates,verb
appropriating,verb
approve,verb
approved,verb
approves,verb
approving,verb
are,verb
area,noun
areas,noun
argue,verb
argued,verb
argues,verb
arguing,verb
argument,noun
arguments,noun
arise,verb
arisen,"verb,adjective"
arising,verb
arm,"noun,verb"
armed,verb
armies,noun
arming,verb
arms,"noun,verb"
army,noun
arose,verb
around,"adverb,preposition"
arrival,noun
arrivals,noun
arrive,verb
arrived,verb
arrives,verb
arriving,verb
art,noun
article,noun
articles,noun
arts,noun
as,"adverb,conjunction,pronoun,preposition"
aside,"noun,adverb"
ask,"verb,noun"
asked,verb
asking,verb
asks,"verb,noun"
asleep,adjective
aspect,noun
aspects,noun
assignment,noun
assignments,noun
assist,"noun,verb"
assistance,noun
assistant,noun
assistants,noun
assisted,verb
assisting,verb
assists,"noun,verb"
associate,"noun,verb,adjective"
association,noun
associations,noun
assume,verb
assumed,verb
assumes,verb
assuming,verb
assumption,noun
assumptions,noun
assure,verb
assured,verb
assures,verb
assuring,verb
at,preposition
atmosphere,noun
attach,verb
attached,verb
attaches,verb
attaching,verb
attack,"verb,noun"
attacked,"verb,adjective"
attacking,"verb,adjective"
attacks,"verb,noun"
attempt,"noun,verb"
attempted,"verb,adjective"
attempting,verb
attempts,"noun,verb"
attend,verb
attended,verb
attending,verb
attends,verb
attention,noun
attitude,noun
attitudes,noun
attract,verb
attracted,verb
attracting,verb
attracts,verb
audience,noun
audiences,noun
author,"noun,verb"
authored,verb
authoring,verb
authors,"noun,verb"
automatic,adjective
automatically,adverb
available,adjective
average,"noun,verb,adjective"
averaged,"verb,adjective"
averages,"noun,verb"
averaging,verb
avoid,verb
avoided,verb
avoiding,verb
avoids,verb
award,"noun,verb"
awarded,verb
awarding,verb
awards,"noun,verb"
aware,adjective
awareness,noun
away,"adverb,adjective"
baby,"noun,verb,adjective"
back,"noun,adverb,verb,adjective"
background,"noun,adjective"
bad,"noun,adverb,adjective"
bag,"noun,verb"
bake,"noun,verb"
balance,"noun,verb"
ball,"noun,verb"
band,"noun,verb"
bank,"noun,verb"
bar,"noun,verb,preposition"
base,"noun,verb,adjective"
baseball,noun
basic,adjective
basically,adverb
basis,noun
basket,noun
bat,"noun,verb"
bath,noun
bathroom,noun
battle,"noun,verb"
be,"verb,verb modifier"
beach,"noun,verb"
bear,"verb,noun"
beat,"verb,noun,adjective"
beautiful,"adjective,noun,interjection"
because,conjunction
become,verb
bed,"noun,verb"
bedroom,noun
been,verb
beer,noun
before,"preposition,adverb,conjunction"
begin,verb
beginning,"noun,adjective,verb"
behave,verb
behind,"preposition,adverb,adjective,noun"
being,"verb,noun"
believe,verb
bell,"noun,verb"
belong,verb
below,adverb
belt,"noun,verb"
bench,"noun,verb"
bend,"noun,verb"
benefit,"noun,verb"
best,"adjective,adverb,noun,verb"
bet,"noun,verb"
better,"adjective,adverb,noun,verb"
between,"preposition,adverb"
beyond,"preposition,noun"
bicycle,"noun,verb"
bid,"noun,verb"
big,"adjective,noun"
bike,"noun,verb"
bill,"noun,verb"
bird,noun
birth,"noun,verb"
birthday,noun
bit,"noun,verb"
bite,"noun,verb"
bitter,"noun,adjective"
black,"noun,verb,adjective,adverb"
blame,"noun,verb"
blank,"noun,verb,adjective"
blind,"noun,verb,adjective,adverb"
block,"noun,verb"
blood,noun
blow,"noun,verb"
blue,"noun,verb,adjective"
board,"noun,verb"
boat,"noun,verb"
body,"noun,verb"
bone,"noun,verb,adverb"
bonus,noun
book,"noun,verb"
boot,"noun,verb"
border,"noun,verb"
boring,adjective
born,"verb,adjective"
borrow,verb
boss,"noun,verb,adjective"
both,"adjective,adverb"
bother,"noun,verb"
bottle,"noun,verb"
bottom,"noun,verb,adjective"
bowl,"noun,verb"
box,"noun,verb"
boy,"noun,interjection"
boyfriend,noun
brain,"noun,verb"
branch,"noun,verb"
brave,"adjective,noun,verb"
bread,noun
break,"verb,noun"
breakfast,"noun,verb"
breast,"noun,verb"
breath,noun
brick,"noun,verb"
bridge,"noun,verb"
brief,"adjective,noun,verb"
briefly,adverb
bright,"adjective,adverb,noun"
brilliant,"adjective,noun"
bring,verb
broad,"adjective,noun"
brother,"noun,interjection"
brown,"adjective,noun,verb"
brush,"noun,verb"
buddy,"noun,verb"
budget,"noun,adjective,verb"
bug,"noun,verb"
build,verb
building,"noun,verb"
bunch,"noun,verb"
burn,"verb,noun"
bus,"noun,verb"
business,"noun,adjective"
busy,"adjective,verb"
but,"conjunction,preposition,adverb,noun"
button,"noun,verb"
buy,"verb,noun"
buyer,noun
by,"preposition,adverb"
cabinet,noun
cable,"noun,verb"
cake,"noun,verb"
calculate,verb
calendar,"noun,verb"
call,"verb,noun"
calm,"adjective,noun,verb"
camera,noun
camp,"noun,verb,adjective"
campaign,"noun,verb"
can,"verb modifier,noun"
cancel,"verb,noun"
cancer,noun
candidate,noun
candle,"noun,verb"
candy,"noun,verb"
cap,"noun,verb"
capable,adjective
capital,"noun,adjective"
car,"noun,adjective"
card,"noun,verb"
care,"noun,verb"
career,"noun,verb,adjective"
careful,adjective
carefully,adverb
carpet,"noun,verb"
carry,"noun,verb"
case,"noun,verb"
cash,"noun,verb"
cat,"noun,verb"
catch,"noun,verb"
category,noun
cause,"noun,verb"
celebrate,verb
celebration,noun
cell,noun
certain,"adjective,pronoun"
certainly,adverb
chain,"noun,verb"
chair,"noun,verb"
challenge,"noun,verb,adjective"
champion,"noun,verb"
championship,noun
chance,"noun,adjective,verb"
change,"verb,noun"
channel,"noun,verb"
chapter,noun
character,"noun,adjective,verb"
charge,"verb,noun"
charity,noun
chart,"noun,verb"
cheap,"adjective,adverb"
check,"verb,noun,interjection"
cheek,noun
chemical,"adjective,noun"
chemistry,noun
chest,noun
chicken,"noun,adjective"
child,noun
childhood,noun
chip,"noun,verb"
chocolate,noun
choice,"noun,adjective"
choose,verb
church,noun
cigarette,noun
city,noun
civil,adjective
claim,"verb,noun"
class,"noun,verb,adjective"
classic,"adjective,noun"
classroom,noun
clean,"adjective,adverb,verb"
clear,"adjective,adverb,verb"
clearly,adverb
clerk,"noun,verb"
click,"noun,verb"
client,noun
climate,noun
clock,"noun,verb"
close,"adjective,adverb,verb,noun"
closed,verb
closely,adverb
closet,"noun,verb,adjective"
clothes,noun
cloud,"noun,verb"
club,"noun,verb"
clue,"noun,verb"
coach,"noun,verb,adverb"
coast,"noun,verb"
coat,"noun,verb"
code,"noun,verb"
coffee,noun
cold,"adjective,noun,adverb"
collar,"noun,verb"
collect,"verb,adverb,noun"
collection,noun
college,noun
combination,noun
combine,"verb,noun"
come,verb
comfort,"noun,verb"
comfortable,"adjective,noun"
command,"verb,noun"
comment,"noun,verb"
commercial,"adjective,noun"
commission,"noun,verb"
commit,verb
committee,noun
common,"adjective,noun"
communicate,verb
communication,noun
community,noun
company,"noun,verb"
compare,verb
comparison,noun
compete,verb
competition,noun
competitive,adjective
complain,verb
complaint,noun
complete,"adjective,verb"
completely,adverb
complex,"adjective,noun,verb"
complicated,verb
comprehensive,adjective
computer,noun
concentrate,"verb,noun"
concept,noun
concern,"verb,noun"
concerned,verb
concerning,preposition
concert,"noun,verb"
conclusion,noun
condition,"noun,verb"
conference,"noun,verb"
confidence,"noun,idiom"
confident,adjective
confirm,verb
conflict,"verb,noun"
confusion,noun
connect,"verb,adjective"
connection,noun
conscious,adjective
consequence,noun
consider,verb
consideration,"noun,idiom"
consist,"verb,noun"
consistent,adjective
constant,"adjective,noun"
constantly,adverb
construction,noun
consult,verb
contact,"noun,verb"
contain,verb
content,"adjective,verb,noun"
contest,"noun,verb"
context,noun
continue,verb
contract,noun
contribute,"verb,idiom"
contribution,noun
control,noun
conversation,noun
convert,"verb,noun"
convince,verb
cook,"verb,noun"
cookie,noun
cool,"adjective,adverb,noun,verb"
copy,"noun,verb,idiom"
corner,"noun,adjective,verb,idiom"
correct,"adjective,verb"
cost,"verb,noun"
could,verb modifier
count,"verb,noun,adjective,idiom"
counter,"noun,verb,adverb,adjective"
country,noun
county,noun
couple,"noun,verb"
courage,noun
course,"noun,verb"
court,"noun,verb,idiom"
cousin,noun
cover,"verb,noun"
cow,"noun,verb"
crack,"noun,verb,adjective"
craft,"noun,verb"
crash,"verb,noun,adjective,adverb"
crazy,"adjective,noun,idiom"
cream,"noun,verb,adjective,idiom"
create,verb
creative,"adjective,noun"
credit,"noun,verb"
crew,"noun,verb"
critical,adjective
criticism,noun
criticize,verb
cross,"noun,verb,adjective"
cry,"verb,noun,idiom"
cultural,adjective
culture,"noun,verb"
cup,"noun,verb"
curious,adjective
currency,noun
current,"adjective,noun"
currently,adverb
curve,"noun,verb,idiom"
customer,noun
cut,"verb,noun"
cute,adjective
cycle,"noun,verb"
dad,noun
daily,adverb
damage,"noun,verb"
dance,"verb,noun"
dangerous,adjective
dare,"verb,noun"
dark,"adjective,noun,idiom"
data,noun
database,noun
date,"noun,verb"
daughter,"noun,adjective"
day,"noun,adjective"
dead,"adjective,noun,adverb,idiom"
deal,"verb,noun"
dealer,noun
dear,"adjective,noun,adverb,interjection"
death,noun
debate,"noun,verb"
debt,noun
decent,adjective
decide,verb
decision,noun
deep,"adjective,noun,adverb"
deeply,adverb
definitely,adverb
definition,noun
degree,"noun,idiom"
delay,"verb,noun"
deliberately,adverb
deliver,verb
delivery,noun
demand,"noun,verb"
department,noun
departure,noun
depend,verb
dependent,"adjective,noun"
deposit,"verb,noun"
depression,noun
depth,noun
describe,verb
description,noun
deserve,verb
design,"noun,verb"
designer,"noun,adjective"
desire,"noun,verb"
desk,noun
desperate,adjective
despite,preposition
destroy,verb
detail,"noun,verb,idiom"
detailed,verb
determine,verb
develop,verb
development,noun
device,noun
devil,"noun,verb"
diamond,noun
die,"verb,idiom"
diet,"noun,verb"
differ,verb
difference,noun
different,adjective
difficult,adjective
difficulty,noun
dig,"verb,noun"
dimension,"noun,verb"
dinner,noun
direct,"adjective,adverb,verb"
direction,noun
directly,adverb
director,noun
dirt,noun
dirty,"adjective,verb"
disagree,verb
disappointed,verb
disaster,noun
discipline,"noun,verb"
discount,"noun,verb,adjective"
discover,verb
discuss,verb
discussion,noun
disease,noun
dish,"noun,verb,idiom"
disk,noun
display,"verb,noun"
distance,"noun,verb"
distinct,adjective
distribute,verb
distribution,noun
district,"noun,verb"
divide,"verb,noun"
do,verb modifier
doctor,"noun,verb"
document,"noun,verb"
does,verb
dog,"noun,verb"
door,"noun,idiom"
dot,"noun,verb,idiom"
double,"adjective,noun,verb,adverb"
doubt,"verb,noun,idiom"
down,"adverb,preposition,adjective,verb"
downtown,"adjective,adverb,noun"
draft,"noun,verb,adjective"
drag,"verb,noun,adjective,idiom"
drama,noun
dramatic,adjective
draw,"verb,noun,idiom"
drawer,noun
drawing,noun
dream,"noun,verb,adjective"
dress,"noun,adjective,verb"
drink,"verb,noun"
drive,"verb,noun"
driver,noun
drop,"noun,verb"
drunk,"adjective,noun"
dry,"adjective,verb,noun"
due,"adjective,noun,adverb"
dump,"verb,noun,idiom"
during,preposition
dust,"noun,verb"
duty,"noun,idiom"
each,"adjective,adverb"
ear,noun
early,adverb
earn,verb
earth,"noun,verb"
ease,"noun,verb"
easily,adverb
east,"noun,adjective,adverb"
eastern,adjective
easy,"adjective,adverb,interjection"
eat,"verb,noun,idiom"
economics,noun
economy,"noun,adjective"
edge,"noun,verb,idiom"
editor,noun
education,noun
educational,adjective
effect,"noun,verb"
effective,"adjective,noun"
effectively,adverb
efficiency,noun
efficient,adjective
effort,noun
egg,"noun,verb"
either,"conjunction,adjective"
election,noun
electrical,adjective
electronic,adjective
elevator,noun
else,adverb
elsewhere,adverb
embarrassed,adjective
emergency,"noun,adjective"
emotion,noun
emotional,adjective
emphasis,noun
emphasize,verb
employ,"verb,noun"
employee,noun
employer,noun
employment,noun
empty,"adjective,verb,noun"
enable,verb
encourage,verb
encouraging,verb
end,"noun,verb"
energy,noun
engage,verb
engine,noun
engineer,"noun,verb"
engineering,noun
enhance,verb
enjoy,verb
enough,"adjective,adverb,interjection"
ensure,verb
enter,verb
entertainment,noun
enthusiasm,noun
entire,adjective
entrance,"noun,verb"
entry,noun
environment,noun
environmental,adjective
equal,"adjective,noun,verb"
equally,adverb
equipment,noun
equivalent,"adjective,noun"
error,noun
escape,"verb,noun,adjective"
especially,adverb
essay,"noun,verb"
essentially,adverb
establish,verb
establishment,noun
estate,noun
estimate,"verb,noun"
even,"adjective,verb,adverb"
evening,"noun,adjective"
event,noun
eventually,adverb
ever,adverb
every,adjective
everybody,pronoun
everyone,pronoun
everything,pronoun
everywhere,adverb
evidence,"noun,verb,idiom"
exact,"adjective,verb"
exactly,adverb
exam,noun
examination,noun
examine,verb
example,"noun,verb"
excellent,"adjective,interjection"
except,"preposition,conjunction,idiom"
exchange,"noun,verb"
excitement,noun
exciting,adjective
excuse,"verb,noun"
exercise,"noun,verb"
exist,verb
existing,adjective
exit,"noun,verb"
expand,verb
expect,verb
expensive,adjective
experience,"noun,verb"
experienced,verb
expert,"noun,adjective"
explain,verb
explanation,noun
explore,verb
expose,"verb,idiom"
express,"verb,adjective,adverb,noun"
expression,noun
extend,verb
extension,"noun,adjective"
extent,noun
external,"adjective,noun"
extra,"adjective,adverb,noun"
extreme,"adjective,noun"
extremely,adverb
eye,"noun,verb"
face,"noun,verb"
fact,noun
factor,"noun,verb"
fail,"verb,noun"
failure,noun
fair,"adjective,adverb,noun,idiom"
fairly,adverb
fall,"verb,noun"
FALSE,"adjective,adverb,idiom"
familiar,"adjective,noun"
family,noun
famous,adjective
fan,"noun,verb,idiom"
far,"adverb,adjective"
farm,"noun,verb,idiom"
farmer,noun
fast,"adjective,adverb,verb"
fat,"noun,adjective,verb"
father,"noun,verb"
fault,"noun,verb"
fear,"noun,verb"
feature,"noun,verb"
federal,adjective
fee,"noun,verb"
feed,"verb,noun,idiom"
feedback,noun
feel,"verb,noun"
feeling,"noun,adjective"
female,"adjective,noun"
few,"adjective,noun,pronoun"
field,"noun,verb,adjective"
fight,"noun,verb"
figure,"noun,verb"
file,"noun,verb"
fill,"verb,noun,idiom"
film,"noun,verb"
final,"adjective,noun"
finally,adverb
finance,"noun,verb"
financial,adjective
find,verb
finding,noun
fine,"adjective,adverb,verb,noun"
finger,"noun,verb,idiom"
finish,"verb,noun"
fire,"noun,verb"
firm,"adjective,verb,adverb,noun"
first,"adverb,adjective"
fish,"noun,verb"
fishing,noun
fit,"adjective,verb,noun"
fix,"verb,noun,idiom"
fixed,verb
flat,"adjective,adverb,noun,verb"
flight,noun
floor,"noun,verb"
flow,"verb,noun"
flower,"noun,verb"
fly,"verb,noun"
focus,"noun,verb"
fold,"verb,noun"
follow,verb
following,"preposition,noun,adjective"
food,noun
foot,"noun,verb"
football,noun
for,"preposition,conjunction"
force,"noun,verb"
foreign,adjective
forever,"adverb,noun,idiom"
forget,verb
form,"noun,verb"
formal,"adjective,noun,adverb"
former,adjective
forth,adverb
fortune,noun
forward,"adverb,adjective,noun,verb"
foundation,noun
frame,"noun,verb"
free,"adjective,adverb,verb"
freedom,noun
frequent,"adjective,verb"
frequently,adverb
fresh,"adjective,adverb"
friend,"noun,verb"
friendly,adjective
friendship,noun
from,preposition
front,"noun,adjective,verb,interjection"
fruit,"noun,verb"
fuel,"noun,verb"
full,"adjective,adverb,noun,verb"
fully,adverb
fun,"noun,adjective,verb"
function,"noun,verb"
funeral,noun
funny,"adjective,noun"
future,"noun,adjective"
gain,"verb,noun"
game,"noun,adjective,verb"
gap,"noun,verb"
garage,"noun,verb"
garbage,noun
garden,"noun,verb"
gas,"noun,verb"
gate,noun
gather,"verb,noun,idiom"
gear,"noun,verb,adjective,idiom"
gene,noun
general,"adjective,noun"
generally,adverb
generate,verb
gently,adverb
get,verb
gift,"noun,verb"
girl,noun
girlfriend,noun
give,"verb,noun"
glad,"adjective,noun"
glass,"noun,adjective,verb"
global,adjective
glove,"noun,verb"
go,"verb,noun,adjective,interjection"
goal,noun
god,"noun,interjection"
gold,"noun,adjective"
golf,"noun,verb"
good,"adjective,noun,adverb,interjection"
government,noun
grab,"verb,noun"
grade,"noun,verb"
grand,"adjective,noun"
grandfather,"noun,verb"
grandmother,noun
grass,"noun,verb"
great,"adjective,noun,adverb,interjection"
greatly,adverb
green,"adjective,noun,verb"
grocery,noun
gross,"adjective,adverb,verb,noun"
ground,"noun,verb,adjective"
group,"noun,verb"
grow,verb
growth,noun
guarantee,"noun,verb"
guard,"verb,noun"
guess,"verb,noun,idiom"
guest,noun
guidance,noun
guide,"noun,verb"
guilty,adjective
guitar,noun
guy,"noun,verb"
habit,"noun,verb"
had,verb modifier
hair,noun
half,"noun,predeterminer,adverb"
hall,noun
hand,"noun,verb"
handle,"verb,noun"
hang,"verb,noun,idiom"
happen,verb
happy,adjective
hard,"adjective,adverb"
hardly,adverb
harm,"noun,verb"
has,verb
hat,noun
hate,"verb,noun"
have,"verb,verb modifier"
he,pronoun
head,"noun,adjective,verb"
health,noun
healthy,adjective
hear,verb
hearing,noun
heart,noun
heat,"noun,verb"
heavy,"adjective,noun,adverb"
height,noun
hell,"noun,interjection"
hello,"interjection,noun"
help,"verb,noun,interjection"
helpful,adjective
her,pronoun
here,"adverb,interjection"
herself,pronoun
hesitate,verb
hi,interjection
hide,"verb,noun"
high,"adjective,noun,adverb"
highlight,"noun,verb"
highly,adverb
highway,noun
him,pronoun
himself,pronoun
hire,"verb,noun,adjective,idiom"
his,"pronoun,adjective"
historian,noun
historical,adjective
history,noun
hit,"verb,noun"
hold,"verb,noun"
hole,"noun,verb,idiom"
holiday,"noun,adjective,verb"
home,"noun,adjective,adverb,verb"
homework,noun
honest,"adjective,adverb"
honestly,adverb
honey,noun
hook,"noun,verb,idiom"
hope,"noun,verb"
hopefully,adverb
horror,"noun,adjective"
horse,"noun,verb,adjective,idiom"
hospital,noun
host,"noun,verb"
hot,adjective
hotel,noun
hour,"noun,adjective,idiom"
house,"noun,adjective,verb"
housing,noun
how,"adverb,conjunction"
however,adverb
huge,adjective
human,"adjective,noun"
hungry,adjective
hunt,"verb,noun"
hurry,"verb,noun"
hurt,"verb,noun"
husband,"noun,verb"
i,pronoun
ice,"noun,verb"
idea,noun
ideal,"noun,adjective"
identify,verb
if,"conjunction,noun"
ignore,verb
ill,"adjective,adverb,noun"
illegal,"adjective,noun"
illustrate,verb
image,"noun,verb"
imagination,noun
imagine,verb
immediate,adjective
immediately,adverb
impact,"noun,verb"
implement,"noun,verb"
imply,verb
importance,noun
important,adjective
impossible,adjective
impress,"verb,noun"
impression,noun
impressive,adjective
improve,verb
improvement,noun
in,"preposition,adverb"
incident,"noun,adjective"
include,verb
including,preposition
income,noun
incorporate,verb
increase,"verb,noun"
independence,noun
independent,"adjective,noun"
indicate,verb
indication,noun
individual,"adjective,noun"
industry,noun
inevitable,"adjective,noun"
inflation,noun
influence,"noun,verb"
inform,verb
informal,adjective
information,noun
initial,"adjective,noun,verb"
initially,adverb
initiative,noun
injury,noun
inner,adjective
insect,noun
inside,"noun,adjective,preposition"
insist,verb
inspection,noun
inspector,noun
install,verb
instance,noun
instead,adverb
instruction,noun
insurance,noun
intelligent,adjective
intend,verb
intention,noun
interaction,noun
interest,"noun,verb"
interested,verb
interesting,adjective
internal,"adjective,noun"
international,"adjective,noun"
internet,noun
interview,"noun,verb"
into,preposition
introduce,verb
introduction,noun
invest,verb
investigate,verb
investment,noun
invite,"verb,noun"
involve,verb
involved,verb
iron,"noun,verb"
is,verb
island,"noun,verb"
issue,"noun,verb"
it,"pronoun,noun"
item,"noun,adverb"
its,pronoun
itself,pronoun
jacket,"noun,verb"
job,"noun,verb"
join,"verb,noun"
joint,"noun,adjective,verb,idiom"
joke,"noun,verb"
judge,"noun,verb"
judgment,noun
juice,"noun,verb,idiom"
jump,"verb,noun,adjective,adverb"
junior,"adjective,noun"
jury,"noun,verb,adjective"
just,"adjective,adverb"
justify,verb
keep,"verb,noun"
key,"noun,adjective,verb"
kick,"verb,noun,idiom"
kid,"noun,verb,adjective"
kill,"verb,noun,idiom"
kind,"noun,adjective"
king,noun
kiss,"verb,noun"
kitchen,"noun,adjective"
knee,"noun,verb"
knife,"noun,verb"
know,verb
knowledge,noun
known,adjective
lab,noun
lack,"noun,verb"
ladder,noun
lady,noun
lake,noun
land,"noun,verb,idiom"
landscape,"noun,verb"
language,noun
large,adjective
last,"adjective,adverb,noun,verb"
late,"adjective,adverb,noun"
later,"adverb,interjection"
latter,adjective
laugh,"verb,noun"
law,noun
lawyer,"noun,verb"
lay,"verb,noun,adjective"
layer,"noun,verb"
lead,"verb,noun"
leader,noun
leadership,noun
leading,"adjective,noun"
league,"noun,verb"
learn,verb
least,"adjective,adverb"
leather,"noun,adjective,verb"
leave,"verb,noun"
lecture,"noun,verb"
left,"adjective,adverb"
leg,"noun,verb"
legal,adjective
length,noun
less,"adjective,adverb,preposition"
lesson,"noun,verb"
let,"verb,noun"
letter,"noun,verb,idiom"
level,"noun,adjective,verb"
library,noun
lie,"noun,verb,idiom"
life,"noun,adjective"
lift,"verb,noun"
light,"noun,verb,adjective"
like,"preposition,verb,conjunction,adverb"
likely,adverb
limit,"noun,verb"
limited,verb
line,"noun,verb"
link,"noun,verb"
lip,"noun,verb"
list,"noun,verb"
listen,"verb,noun"
literally,adverb
literature,noun
little,"adjective,adverb"
live,"verb,adjective,adverb"
living,"noun,adjective"
load,"noun,verb"
loan,"noun,verb,idiom"
local,"adjective,noun"
location,noun
lock,"noun,verb,idiom"
log,"noun,verb"
logical,adjective
lonely,adjective
long,"adjective,noun,adverb,verb"
look,"verb,noun,interjection"
loose,"adjective,verb"
lose,verb
loss,noun
lost,"adjective,verb,idiom"
lot,"pronoun,adverb,noun,verb"
loud,"adjective,adverb"
love,noun
low,"adjective,noun,adverb,verb"
lower,"adjective,adverb"
luck,"noun,verb,idiom"
lucky,adjective
lunch,"noun,verb"
machine,"noun,verb"
mad,adjective
magazine,noun
mail,"noun,verb"
main,"adjective,noun"
mainly,adverb
maintain,verb
maintenance,noun
major,"adjective,noun,verb"
make,"verb,noun"
male,"adjective,noun"
mall,noun
man,"noun,verb,interjection"
manage,verb
management,noun
manager,noun
manner,"noun,idiom"
manufacturer,noun
manufacturing,verb
many,"adjective,noun,pronoun"
map,noun
march,"verb,noun,idiom"
mark,"noun,verb,idiom"
market,"noun,verb"
marketing,noun
marriage,noun
married,"verb,adjective,noun"
marry,"verb,interjection"
massive,adjective
master,"noun,adjective,verb"
match,"noun,verb"
mate,"noun,verb"
material,"noun,adjective"
math,noun
matter,"noun,verb"
maximum,"noun,adjective"
may,verb modifier
maybe,"adverb,noun"
me,pronoun
meal,noun
mean,"verb,adjective,noun"
meaning,noun
measurement,noun
meat,noun
media,noun
medical,adjective
medicine,noun
medium,"noun,adjective"
meet,"verb,noun"
meeting,"noun,idiom"
member,noun
membership,noun
memory,noun
mental,adjective
mention,"verb,noun,idiom"
menu,noun
merely,adverb
mess,"noun,verb"
message,noun
metal,"noun,verb"
method,noun
middle,"adjective,noun"
midnight,noun
might,"verb modifier,noun"
milk,"noun,verb,idiom"
mind,"noun,verb"
mine,"pronoun,noun,verb"
minimum,"noun,adjective"
minor,"adjective,noun,verb"
minute,"noun,adjective,verb"
mirror,"noun,verb"
miss,"verb,noun"
mission,"noun,adjective"
mistake,"noun,verb,idiom"
mix,"verb,noun"
mixed,verb
mixture,noun
mobile,"adjective,noun"
mode,noun
model,"noun,verb"
mom,noun
moment,noun
money,"noun,adjective"
monitor,"noun,verb"
month,noun
mood,noun
more,"adjective,adverb"
moreover,adverb
morning,"noun,adverb"
mortgage,"noun,verb"
most,"adjective,noun,adverb"
mostly,adverb
mother,"noun,adjective,verb,idiom"
motor,"noun,adjective,verb"
mountain,"noun,adjective,idiom"
mouse,"noun,verb"
mouth,"noun,verb,idiom"
move,"verb,noun"
movie,noun
much,"adjective,adverb"
mud,noun
muscle,"noun,verb,adjective"
music,noun
must,"verb modifier,verb,adjective,noun"
my,possessive pronoun
myself,pronoun
nail,"noun,verb,idiom"
name,"noun,verb,adjective"
narrow,"adjective,verb,noun"
nasty,"adjective,noun"
nation,noun
national,"adjective,noun"
native,"noun,adjective"
natural,"adjective,noun,adverb"
naturally,adverb
nature,noun
near,"adverb,preposition,adjective,verb"
nearby,"adjective,adverb"
nearly,adverb
neat,"adjective,noun"
necessarily,adverb
necessary,"adjective,noun"
neck,"noun,verb"
need,verb
negative,"adjective,noun,interjection,verb"
negotiate,verb
negotiation,noun
neither,"conjunction,adjective,pronoun"
nerve,"noun,verb"
nervous,adjective
net,"noun,verb"
network,"noun,verb"
never,adverb
new,"adjective,adverb"
news,noun
newspaper,noun
next,"adjective,adverb,noun"
nice,adjective
night,noun
no,"adverb,adjective,noun"
nobody,"pronoun,noun"
noise,"noun,verb"
none,"pronoun,adverb,adjective"
nor,conjunction
normal,"adjective,noun"
normally,adverb
north,"noun,adjective,adverb"
nose,"noun,verb,idiom"
not,"adverb,verb modifier"
note,"noun,verb"
nothing,"noun,pronoun,adjective,adverb"
notice,"noun,verb"
novel,"noun,adjective"
now,"adverb,conjunction,adjective"
nowhere,"adverb,pronoun,adjective"
number,"noun,verb"
numerous,adjective
nurse,"noun,verb"
object,"noun,verb"
objective,"adjective,noun"
obligation,noun
obtain,verb
obvious,adjective
obviously,adverb
occasion,"noun,verb,idiom"
occasionally,adverb
occur,verb
odd,adjective
of,"preposition,verb modifier"
off,"adverb,preposition,adjective,noun"
offer,"verb,noun"
office,noun
officer,"noun,verb"
official,"adjective,noun"
often,adverb
oil,"noun,verb"
ok,"adjective,adverb,noun,verb"
old,adjective
on,"preposition,adverb,adjective"
once,"adverb,conjunction"
one,"adjective,noun,pronoun"
only,"adverb,adjective,conjunction"
open,"adjective,verb,noun"
opening,"noun,adjective"
operate,verb
operation,noun
opinion,noun
opportunity,noun
opposite,"adjective,noun,preposition,adverb"
option,"noun,verb"
or,conjunction
orange,noun
order,"noun,verb"
ordinary,"adjective,noun"
organization,noun
organize,verb
organized,verb
original,"adjective,noun"
originally,adverb
other,"adjective,noun,pronoun,adverb"
otherwise,"adverb,adjective"
ought,verb
our,pronoun
ourselves,pronoun
out,"adverb,preposition,adjective,interjection"
outcome,noun
outside,"noun,adjective,preposition"
oven,noun
over,"preposition,adjective,noun"
overall,"adjective,adverb,noun"
overcome,verb
owe,verb
own,"adjective,verb"
owner,noun
pace,"noun,verb,preposition"
pack,"noun,verb,adjective,idiom"
package,"noun,verb"
page,"noun,verb"
pain,"noun,verb,idiom"
paint,"noun,verb"
painting,noun
pair,"noun,verb"
panic,"noun,verb"
paper,noun
parent,"noun,verb"
park,"noun,verb"
parking,"noun,adjective"
part,"noun,verb,adverb"
participate,verb
particular,"adjective,noun"
partner,"noun,verb"
party,"noun,adjective,verb"
pass,"verb,noun,idiom"
passage,"noun,verb"
passenger,noun
passion,noun
past,"adjective,noun,preposition,adverb"
path,"noun,idiom"
patience,noun
patient,"noun,adjective"
pattern,"noun,verb"
pause,"noun,verb,idiom"
pay,"verb,noun"
payment,noun
peace,"noun,interjection,verb,idiom"
peak,"noun,verb,adjective"
pen,"noun,verb"
penalty,noun
pension,"noun,verb"
people,noun
percentage,noun
perception,noun
perfect,"adjective,verb,noun"
perfectly,adverb
perform,verb
performance,noun
period,"noun,adjective"
permission,noun
permit,"verb,noun"
person,noun
personal,"adjective,noun"
personality,noun
personally,adverb
perspective,noun
persuade,verb
phase,"noun,verb"
philosophy,noun
phone,noun
photo,noun
phrase,"noun,verb"
physical,"adjective,noun"
physically,adverb
physics,noun
piano,noun
pick,"verb,noun"
picture,"noun,verb"
pie,noun
piece,"noun,verb"
pin,"noun,verb"
pipe,"noun,verb"
pitch,"verb,noun"
pizza,noun
place,"noun,verb"
plan,"noun,verb"
plane,"noun,adjective,verb"
plant,"noun,verb"
plastic,"noun,adjective"
plate,"noun,verb"
platform,noun
play,"verb,noun"
player,noun
pleasant,adjective
please,"adverb,verb,idiom"
pleased,verb
pleasure,"noun,verb"
plenty,"noun,adjective,adverb"
plus,"preposition,adjective,noun,conjunction"
poem,noun
poet,noun
poetry,noun
point,"noun,verb"
police,noun
policy,noun
political,adjective
politics,noun
pollution,noun
pool,"noun,verb"
poor,adjective
pop,"verb,noun,adverb,adjective"
popular,adjective
population,noun
position,"noun,verb"
positive,"adjective,noun"
possess,verb
possession,noun
possibility,noun
possible,"adjective,noun"
possibly,adverb
post,"noun,verb,adverb"
pot,"noun,verb"
potato,noun
potential,"adjective,noun"
pound,"noun,verb"
pour,verb
power,noun
powerful,adjective
practical,adjective
practice,"noun,verb"
pray,"verb,adverb"
prefer,verb
preference,noun
pregnant,adjective
preparation,noun
prepare,verb
presence,noun
present,"adjective,noun,verb"
presentation,noun
president,noun
press,"verb,noun"
pressure,"noun,verb"
pretend,"verb,adjective"
pretty,"adjective,adverb,noun,verb"
prevent,verb
previous,"adjective,idiom"
previously,adverb
price,"noun,verb"
pride,"noun,verb"
priest,"noun,verb"
primarily,adverb
primary,"adjective,noun"
principle,"noun,idiom"
print,"verb,noun,adjective,idiom"
prior,"adjective,noun,idiom"
priority,noun
private,"adjective,noun"
prize,"noun,adjective,verb"
probably,adverb
problem,noun
procedure,noun
process,"noun,verb"
produce,"verb,noun"
product,noun
profession,noun
professional,"adjective,noun"
professor,noun
profile,"noun,verb"
profit,"noun,verb"
program,"noun,verb"
progress,"noun,verb,idiom"
project,"noun,verb"
promise,"noun,verb"
promotion,noun
prompt,"verb,noun,adjective"
proof,"noun,adjective,verb"
proper,"adjective,adverb,noun"
properly,adverb
property,noun
proposal,noun
propose,verb
proposed,verb
protect,verb
protection,noun
proud,"adjective,idiom"
prove,verb
provide,verb
provided,verb
psychological,adjective
psychology,noun
public,"adjective,noun"
pull,"verb,noun"
punch,"verb,noun"
purchase,"verb,noun"
pure,adjective
purple,"noun,adjective,verb"
purpose,"noun,verb"
pursue,verb
push,"verb,noun,idiom"
put,"verb,noun"
qualify,verb
quality,noun
quantity,noun
quarter,"noun,verb,adjective"
queen,noun
question,"noun,verb"
quick,"adjective,adverb,noun"
quickly,adverb
quiet,"adjective,noun,verb"
quit,"verb,noun"
quite,"adverb,interjection"
quote,"verb,noun"
race,"noun,verb"
radio,"noun,verb"
rain,"noun,verb"
raise,"verb,noun,idiom"
range,"noun,verb"
rare,adjective
rarely,adverb
rate,"noun,verb"
rather,adverb
ratio,noun
raw,"adjective,noun,idiom"
reach,"verb,noun"
react,verb
reaction,noun
read,"verb,noun"
readily,adverb
reading,noun
ready,"adjective,verb"
real,"adjective,adverb,noun"
realistic,adjective
reality,noun
realize,verb
really,adverb
reason,"noun,verb"
reasonable,adjective
receive,verb
recent,adjective
recently,adverb
reception,noun
recipe,noun
recognition,noun
recognize,verb
recommend,verb
recommendation,noun
record,"noun,verb"
recording,noun
recover,"verb,noun"
red,"noun,adjective,idiom"
reduce,verb
refer,verb
reference,"noun,verb,adjective"
reflect,verb
reflection,noun
refrigerator,noun
refuse,"verb,noun"
region,noun
register,"noun,verb"
regret,"verb,noun"
regular,"adjective,noun"
regularly,adverb
relate,verb
related,verb
relation,noun
relationship,noun
relative,"noun,adjective"
relatively,adverb
relax,verb
release,"verb,noun"
relevant,adjective
relief,"noun,idiom"
relieve,verb
rely,verb
remain,verb
remaining,verb
remarkable,adjective
remember,verb
remind,verb
remote,"adjective,noun"
remove,"verb,noun"
rent,"noun,verb"
repair,"verb,noun"
repeat,"verb,noun"
replace,verb
replacement,noun
reply,"verb,noun"
report,"verb,noun"
represent,verb
representative,"adjective,noun"
republic,noun
reputation,noun
request,"noun,verb"
require,verb
requirement,noun
research,"noun,verb"
reserve,"verb,noun"
resident,"noun,adjective"
resist,"verb,noun"
resolution,noun
resolve,"verb,noun"
resort,"noun,verb"
resource,noun
respect,"noun,verb"
respond,"verb,noun"
response,noun
responsibility,noun
responsible,adjective
rest,"verb,noun"
restaurant,noun
result,"noun,verb"
retain,verb
retire,verb
return,"verb,noun"
reveal,"verb,noun"
revenue,noun
review,"noun,verb"
revolution,noun
reward,"noun,verb"
rice,"noun,verb"
rich,"adjective,noun"
rid,verb
ride,"verb,noun"
right,"adjective,adverb,noun,verb"
ring,"noun,verb"
rip,"verb,noun"
rise,"verb,noun"
risk,"noun,verb"
river,noun
road,noun
rock,"noun,verb"
role,noun
roll,"verb,noun"
roof,"noun,verb"
room,"noun,verb"
rope,"noun,verb"
rough,"adjective,noun,adverb,verb"
roughly,adverb
round,"adjective,noun,adverb,verb"
routine,"noun,adjective"
row,"noun,verb"
royal,"adjective,noun"
rub,"verb,noun"
ruin,"noun,verb"
rule,"noun,verb"
run,"verb,noun"
rush,"verb,noun"
sad,"adjective,noun"
safe,"adjective,noun"
safety,noun
sail,"noun,verb"
salad,noun
salary,"noun,verb"
sale,"noun,idiom"
salt,"noun,adjective,verb"
same,"adjective,pronoun,adverb"
sample,noun
sand,"noun,verb,idiom"
sandwich,"noun,verb"
satisfaction,noun
save,"verb,noun,preposition"
savings,"noun,adjective,preposition"
say,"verb,interjection,noun"
scale,"noun,verb"
scared,adjective
scene,noun
schedule,"noun,verb"
scheme,"noun,verb"
school,"noun,verb"
science,noun
score,"noun,verb,idiom"
scratch,"verb,noun,adjective,idiom"
screen,"noun,verb"
screw,"noun,verb,idiom"
script,"noun,verb"
sea,"noun,adjective,idiom"
search,"verb,noun"
season,"noun,verb,idiom"
seat,"noun,verb"
second,"number,noun"
secret,"adjective,noun"
secretary,noun
section,"noun,verb"
sector,noun
secure,"adjective,verb"
security,noun
see,verb
seek,"verb,idiom"
seem,verb
select,"verb,adjective"
selection,noun
self,"noun,pronoun,adjective,verb"
sell,"verb,noun"
send,verb
senior,"adjective,noun"
sense,"noun,verb"
sensitive,"adjective,noun"
sentence,"noun,verb"
separate,"adjective,verb,noun"
series,noun
serious,adjective
seriously,adverb
serve,"verb,noun"
service,"noun,verb"
session,noun
set,"verb,noun,adjective"
setting,noun
settle,verb
several,adjective
severe,adjective
sex,"noun,verb,idiom"
sexual,adjective
shake,"verb,noun"
shall,verb
shame,"noun,verb"
shape,"noun,verb"
share,"noun,verb"
sharp,"adjective,verb,adverb,noun"
she,"pronoun,noun"
shelter,"noun,verb"
shift,"verb,noun"
shine,"verb,noun"
ship,"noun,verb"
shirt,noun
shock,"noun,verb"
shoe,"noun,verb"
shoot,"verb,noun,interjection"
shop,"noun,verb,interjection,idiom"
shopping,noun
short,"adjective,adverb,noun,verb"
shot,"noun,adjective"
should,verb modifier
shoulder,"noun,verb,idiom"
show,"verb,noun"
shower,"noun,verb,idiom"
shut,verb
sick,"adjective,noun,idiom"
side,"noun,verb"
sign,"noun,verb"
signal,"noun,adjective,verb"
signature,noun
significance,noun
significant,adjective
significantly,adverb
silly,"adjective,noun"
silver,"noun,adjective,verb"
similar,adjective
similarly,adverb
simple,"adjective,noun"
simply,adverb
since,"preposition,adverb,conjunction"
sing,"verb,noun"
singer,noun
single,"adjective,noun,verb"
sink,"verb,noun"
sir,noun
sister,noun
sit,"verb,idiom"
site,"noun,verb"
situation,noun
size,"noun,verb,adjective"
skill,noun
skin,"noun,verb"
skirt,"noun,verb"
sky,"noun,verb"
sleep,"verb,noun,idiom"
slice,"noun,verb"
slide,"verb,noun,idiom"
slight,"adjective,verb,noun"
slightly,adverb
slip,"verb,noun"
slow,"adjective,adverb,verb"
slowly,adverb
small,"adjective,adverb"
smart,"adjective,verb,noun"
smell,"verb,noun"
smile,"verb,noun"
smoke,"noun,verb,idiom"
smooth,"adjective,adverb,verb,noun"
snow,"noun,verb"
so,"adverb,conjunction,pronoun,adjective"
society,noun
sock,"noun,verb"
soft,"adjective,noun,adverb,interjection"
software,noun
soil,"noun,verb"
solid,"adjective,noun"
solution,noun
solve,verb
some,"adjective,pronoun,adverb"
somebody,pronoun
somehow,"adverb,idiom"
someone,pronoun
something,pronoun
sometimes,adverb
somewhat,adverb
somewhere,"adverb,noun"
son,noun
song,noun
soon,adverb
sorry,adjective
sort,"noun,verb"
sound,"noun,verb,adjective"
soup,noun
source,"noun,verb"
south,"noun,adjective,adverb,verb"
southern,adjective
space,"noun,verb"
spare,"adjective,noun,verb"
speak,verb
speaker,noun
special,"adjective,noun"
specialist,"noun,adjective"
specific,"adjective,noun"
specifically,adverb
specify,verb
speech,noun
speed,"noun,verb"
spell,"verb,noun"
spend,"verb,noun"
spirit,"noun,verb,idiom"
spiritual,"adjective,noun"
spite,"noun,verb"
split,"verb,noun"
sport,"noun,verb"
spot,"noun,verb"
spray,"noun,verb"
spread,"verb,noun"
spring,"verb,noun"
square,"noun,adjective,adverb"
stable,"noun,verb"
staff,"noun,verb"
stage,"noun,verb"
stand,"verb,noun"
standard,"noun,adjective"
star,"noun,verb"
start,"verb,noun"
state,"noun,verb"
statement,noun
station,"noun,verb"
status,"noun,adjective"
stay,"verb,noun"
steak,noun
steal,"verb,noun"
step,"noun,verb"
stick,"noun,verb"
still,"adjective,noun,adverb,verb"
stock,"noun,adjective,verb"
stomach,"noun,verb"
stop,"verb,noun"
storage,noun
store,"noun,verb"
storm,"noun,verb,idiom"
story,noun
straight,"adjective,adverb,noun"
strain,"verb,noun"
strange,"adjective,adverb"
stranger,noun
strategy,noun
street,"noun,adjective,idiom"
strength,"noun,idiom"
stress,"noun,verb"
stretch,"verb,noun"
strict,adjective
strike,"verb,noun,adjective,idiom"
string,"noun,verb,idiom"
strip,"verb,noun"
stroke,"noun,verb"
strong,adjective
strongly,adverb
structure,"noun,verb"
struggle,"verb,noun"
student,noun
studio,noun
study,"noun,verb"
stuff,"noun,verb"
stupid,"adjective,noun"
style,"noun,verb"
subject,"noun,adjective,adverb,verb"
submit,verb
substance,"noun,idiom"
substantial,adjective
succeed,verb
success,noun
successful,adjective
successfully,adverb
such,"adjective,adverb"
suck,"verb,noun"
sudden,adjective
suddenly,adverb
suffer,verb
sufficient,adjective
sugar,"noun,verb"
suggest,verb
suggestion,noun
suit,"noun,verb,idiom"
suitable,adjective
summer,"noun,verb"
sun,"noun,verb"
super,"adjective,adverb,noun"
supermarket,noun
supply,verb
support,"verb,noun"
suppose,verb
sure,"adjective,adverb"
surgery,noun
surprise,"noun,verb"
surprised,verb
surround,"verb,noun"
survey,"verb,noun"
survive,verb
suspect,"verb,noun,adjective"
suspicious,adjective
sweet,"adjective,noun"
swim,"verb,noun"
swimming,"noun,adjective"
swing,"verb,noun"
switch,"noun,verb"
sympathy,noun
system,noun
table,"noun,verb"
tackle,"noun,verb"
take,verb
tale,noun
talk,"verb,noun"
tall,adjective
tank,"noun,verb"
tap,"verb,noun"
target,"noun,verb"
task,"noun,verb"
taste,"noun,verb"
tax,"noun,verb"
tea,noun
teach,"verb,noun"
teacher,noun
teaching,noun
team,"noun,verb,adjective"
tear,"verb,noun"
technical,adjective
technology,noun
telephone,"noun,verb"
television,noun
tell,"verb,noun"
temperature,noun
temporary,"adjective,noun"
tend,verb
tennis,noun
tension,noun
term,"noun,verb"
terrible,adjective
terribly,adverb
test,"noun,verb"
text,"noun,verb"
than,conjunction
thank,verb
thanks,noun
that,"pronoun,adjective,adverb,conjunction"
the,"article,adverb"
their,pronoun
them,pronoun
theme,"noun,verb"
themselves,pronoun
then,"adverb,adjective"
theory,noun
there,"adverb,pronoun,noun,adjective"
therefore,adverb
these,"pronoun,adjective"
they,pronoun
thick,"adjective,adverb,noun,idiom"
thin,"adjective,adverb,verb"
thing,noun
think,"verb,adjective,noun"
this,"pronoun,adjective,adverb"
those,pronoun
though,"conjunction,adverb"
thought,noun
three,number
throat,noun
through,"preposition,adverb,adjective"
throughout,preposition
throw,verb
thus,adverb
ticket,"noun,verb,idiom"
tie,"verb,noun,idiom"
tight,"adjective,adverb"
till,"noun,verb"
time,"noun,adjective,verb"
tiny,adjective
tip,"noun,verb"
tired,verb
title,"noun,verb"
to,"preposition,adverb"
today,"adverb,noun"
toe,"noun,verb"
together,adverb
tomorrow,"adverb,noun"
tone,"noun,verb"
tongue,noun
tonight,"adverb,noun"
too,adverb
tool,"noun,verb"
tooth,noun
top,"noun,adjective,verb"
topic,noun
total,"adjective,noun,verb"
totally,adverb
touch,"verb,noun"
tough,"adjective,noun"
tour,"noun,verb"
tourist,"noun,adverb"
towards,preposition
towel,"noun,verb"
tower,"noun,verb"
town,noun
track,"noun,verb"
trade,"noun,verb"
tradition,noun
traditional,adjective
traffic,"noun,verb"
train,"verb,noun"
trainer,noun
training,"noun,adjective"
transition,"noun,verb"
translate,verb
transportation,noun
trash,"noun,verb"
travel,"verb,noun"
treat,"verb,noun"
tree,"noun,verb,idiom"
trick,"noun,adjective,verb,idiom"
trip,"noun,verb,idiom"
trouble,"noun,verb"
truck,"noun,verb"
TRUE,"adjective,adverb,verb"
truly,adverb
trust,"noun,verb"
truth,noun
try,"verb,noun"
tune,"noun,verb"
turn,"verb,noun"
twice,adverb
twist,"verb,noun"
two,noun
type,"noun,verb"
typical,adjective
ugly,adjective
ultimately,adverb
unable,adjective
uncle,noun
under,"preposition,adverb,adjective"
understand,verb
understanding,noun
unfair,adjective
unfortunately,adverb
unhappy,adjective
union,noun
unique,"adjective,noun"
unit,noun
united,adjective
university,noun
unless,conjunction
unlikely,adjective
until,preposition
unusual,adjective
up,"adverb,preposition,adjective,noun"
upon,preposition
upper,"adjective,noun"
upset,"verb,adjective"
upstairs,"adjective,noun"
us,pronoun
use,"verb,noun"
used,adjective
useful,adjective
user,noun
usual,"adjective,noun"
usually,adverb
vacation,"noun,verb"
valuable,"adjective,noun"
value,"noun,verb"
variation,noun
variety,noun
various,adjective
vary,verb
vast,"adjective,noun"
vegetable,"noun,adjective"
vehicle,noun
version,noun
very,adverb
video,noun
view,"noun,verb"
village,noun
virtually,adverb
virus,noun
visible,adjective
visit,"verb,noun"
visual,"adjective,noun"
voice,"noun,verb"
volume,noun
wait,"verb,noun"
wake,"verb,noun"
walk,"verb,noun"
wall,"noun,verb"
want,verb
war,"noun,verb"
warm,"adjective,verb"
warn,verb
warning,noun
was,verb
wash,"verb,noun"
waste,"verb,adjective,noun"
watch,"verb,noun"
water,"noun,verb,adjective"
wave,"noun,verb,idiom"
way,noun
we,pronoun
weak,adjective
weakness,noun
wealth,noun
wear,"verb,noun,idiom"
weather,"noun,verb"
web,"noun,verb"
wedding,noun
week,noun
weekend,"noun,verb"
weekly,"adjective,adverb,noun"
weigh,verb
weight,"noun,verb"
weird,"adjective,noun"
welcome,"noun,interjection,verb,adjective"
well,"adverb,verb,noun,interjection"
were,verb
west,"noun,adjective,adverb,idiom"
western,"adjective,noun"
what,"pronoun,adjective,adverb,interjection"
whatever,"pronoun,adverb,interjection"
wheel,"noun,verb,idiom"
when,"adverb,conjunction"
whenever,"conjunction,adverb"
where,"adverb,pronoun,noun"
whereas,"conjunction,noun"
whether,conjunction
which,"pronoun,adjective"
while,"noun,conjunction,preposition,verb"
white,"adjective,noun,verb"
who,pronoun
whoever,pronoun
whole,"adjective,noun,adverb"
whose,pronoun
why,"adverb,conjunction,noun,interjection"
wide,"adjective,adverb"
widely,adverb
wife,noun
wild,"adjective,adverb,noun,idiom"
will,"verb modifier,noun"
willing,adjective
win,"verb,noun"
wind,"noun,verb"
window,"noun,verb"
wine,"noun,adjective,verb,idiom"
wing,"noun,verb"
winner,noun
winter,"noun,adjective,verb"
wise,"adjective,verb,idiom"
wish,"verb,noun"
with,preposition
within,"preposition,adverb"
without,"preposition,adverb,conjunction"
witness,"noun,verb"
woman,noun
wonder,"verb,noun,idiom"
wonderful,adjective
wood,noun
wooden,adjective
word,"noun,verb,interjection"
work,"noun,adjective,verb"
worker,noun
working,"adjective,noun"
world,noun
worried,verb
worry,"verb,noun"
worth,"adjective,noun"
would,verb
wrap,"verb,noun"
write,verb
writer,noun
writing,noun
wrong,"adjective,adverb,noun,verb"
yard,"noun,verb"
yeah,"adverb,interjection"
year,noun
yellow,"adjective,noun,verb"
yes,interjection
yesterday,"adverb,noun"
yet,"adverb,conjunction"
you,"pronoun,noun"
young,"adjective,noun"
your,pronoun
yours,pronoun
yourself,pronoun
youth,noun
zone,"noun,verb"
